command,mean,stddev,median,user,system,min,max
covtobed /local/giovanni/covtobed/benchmark/../TE/example1.bam > /dev/null,0.9746421343216668,0.028915457965501896,0.9656950656550001,0.9279937283333334,0.042346224999999994,0.9449085221550001,1.0203472791550001
bedtools genomecov -bga -ibam /local/giovanni/covtobed/benchmark/../TE/example1.bam > /dev/null,31.59578293482167,0.8086472538816574,31.561789885655003,12.505440561666665,19.05846905833333,30.671069504155,32.461138499155005
