command,mean,stddev,median,user,system,min,max
covtobed /local/giovanni/covtobed/benchmark/../TE/example2.bam > /dev/null,1.8628748234700003,0.014872131731339357,1.85832901247,1.8006527350000001,0.05789797333333333,1.8535024234700002,1.8927241354700002
bedtools genomecov -bga -ibam /local/giovanni/covtobed/benchmark/../TE/example2.bam > /dev/null,34.89669335680333,0.8488451225447984,34.62763960647,15.657460734999995,19.18162714,34.342917389469996,36.60959058647
