command,mean,stddev,median,user,system,min,max
"mosdepth -x ""/local/giovanni/covtobed/benchmark""/mosd2_example2 /local/giovanni/covtobed/benchmark/../TE/example2.bam",67.37771680992499,0.9524738267607918,67.568226322925,65.20638388833333,2.053062708333333,65.846994923925,68.399455870925
"mosdepth -x -t 4 ""/local/giovanni/covtobed/benchmark""/mosd2_example2 /local/giovanni/covtobed/benchmark/../TE/example2.bam",68.74712206575833,1.8011265593935408,68.051684524425,66.82328838833332,2.6573477083333334,67.026894508925,71.853560535925
"covtobed /local/giovanni/covtobed/benchmark/../TE/example2.bam > ""/local/giovanni/covtobed/benchmark""/covt2_example2.bed",1.893889839425,0.021046150708959092,1.893422527425,1.762505055,0.128889375,1.870508798925,1.9194351239249998
"bedtools genomecov -bga -ibam /local/giovanni/covtobed/benchmark/../TE/example2.bam > ""/local/giovanni/covtobed/benchmark""/bedt2_example2.bed",37.326466120925,1.608901542627489,37.248511981425,16.005680555,21.301056208333332,35.431905141925,40.154000606925
