command,mean,stddev,median,user,system,min,max
"mosdepth -x ""/local/giovanni/covtobed/benchmark""/mosd2_example1 /local/giovanni/covtobed/benchmark/../TE/example1.bam",66.62634968878668,0.7469295777420927,66.60213447162,64.72889704166667,1.7931926583333333,65.36627621812,67.53149825012001
"mosdepth -x -t 4 ""/local/giovanni/covtobed/benchmark""/mosd2_example1 /local/giovanni/covtobed/benchmark/../TE/example1.bam",66.10049008145334,0.7181467218484457,65.83556477062001,64.40689320833333,1.9856913250000001,65.65380467812,67.55161623112001
"covtobed /local/giovanni/covtobed/benchmark/../TE/example1.bam > ""/local/giovanni/covtobed/benchmark""/covt2_example1.bed",1.03109763462,0.021289944433097802,1.02671919462,0.941244375,0.08496499166666666,1.00583200112,1.06950373112
"bedtools genomecov -bga -ibam /local/giovanni/covtobed/benchmark/../TE/example1.bam > ""/local/giovanni/covtobed/benchmark""/bedt2_example1.bed",34.07562239595333,1.6441297088621858,33.33730612062,12.927018875,21.108136158333334,33.146484096120005,37.360448507120005
