command,mean,stddev,median,user,system,min,max
covtobed /local/giovanni/covtobed/benchmark/../TE/example1.bam > /dev/null,0.9861947196716666,0.009455242247859626,0.984661858505,0.9436777483333333,0.03947536166666666,0.977050517505,1.003535778505
bedtools genomecov -bga -ibam /local/giovanni/covtobed/benchmark/../TE/example1.bam > /dev/null,33.59617550483834,1.550364386967489,33.436281306005,12.931378915000002,20.630517861666664,31.982360020505,35.699996086505
