command,mean,stddev,median,user,system,min,max
samtools depth -a /local/giovanni/covtobed/benchmark/../TE/example1.bam > /dev/null,600.6034166638551,3.2045687350064553,601.2947104023551,592.5976227416667,7.447589033333333,596.2511960463551,604.439869608355
covtobed /local/giovanni/covtobed/benchmark/../TE/example1.bam > /dev/null,1.0464897261883335,0.04852655379492159,1.059194554855,0.9904840749999999,0.053085366666666654,0.981904971355,1.0963126593549999
bedtools genomecov -bga -ibam /local/giovanni/covtobed/benchmark/../TE/example1.bam > /dev/null,34.717186362855,0.9518189093127896,34.782406783355,13.159359574999998,21.47607636666667,33.325297673355,36.090310181355
