command,mean,stddev,median,user,system,min,max
covtobed /local/giovanni/covtobed/benchmark/../TE/example2.bam > /dev/null,1.9507795174266667,0.08023669939144083,1.9303837882600001,1.8776063916666663,0.06568569333333334,1.87225743376,2.0741861887599997
bedtools genomecov -bga -ibam /local/giovanni/covtobed/benchmark/../TE/example2.bam > /dev/null,36.709346227926666,0.8778352838717018,36.61582895726001,15.923841724999997,20.718965526666665,35.78385560476001,38.083161466760004
